{
  "experiment_name": "tensorboard-sft-1",
  "base_model": "TinyLlama/TinyLlama-1.1B-Chat-v1.0",
  "knobs": {
    "lora": [
      {
        "name": "low",
        "r": 8,
        "alpha": 16,
        "target_modules": [
          "q_proj",
          "v_proj"
        ]
      },
      {
        "name": "high",
        "r": 32,
        "alpha": 64,
        "target_modules": [
          "q_proj",
          "k_proj",
          "v_proj",
          "o_proj"
        ]
      }
    ],
    "learning_rate": [
      0.0001,
      0.0002
    ],
    "prompt_scheme": [
      "plain_qa",
      "chat_template"
    ]
  },
  "notes": "8-run grid + interactive Stop and Clone-Modify performed in controller.",
  "exported_at_unix": 1768182338
}